mes,ENE,CNF,REL,total,pct_ENE,pct_CNF,pct_REL,dominante,mmgd_cadastrada_gw,carga_sup_minima_gw
2021-10-01,5.874,1.746,2.032,9.652,60.859,18.087,21.054,ENE,10.218,52.038
2021-11-01,5.631,0.493,1.168,7.292,77.224,6.760,16.016,ENE,10.840,50.564
2021-12-01,6.315,1.895,2.001,10.211,61.846,18.555,19.600,ENE,11.599,49.269
2022-01-01,0.000,20.902,2.878,23.780,0.000,87.898,12.102,CNF,12.079,48.913
2022-02-01,0.000,16.584,6.085,22.668,0.000,73.158,26.842,CNF,12.650,55.821
2022-03-01,0.000,21.834,16.386,38.220,0.000,57.126,42.874,CNF,13.356,55.670
2022-04-01,0.000,58.658,5.128,63.786,0.000,91.960,8.040,CNF,13.989,49.511
2022-05-01,10.858,0.000,8.198,19.056,56.980,0.000,43.020,ENE,14.699,48.676
2022-06-01,0.000,0.000,1.072,1.072,0.000,0.000,100.000,REL,15.425,48.893
2022-07-01,0.172,1.099,85.208,86.478,0.199,1.270,98.531,REL,16.199,49.900
2022-08-01,2.239,9.189,42.371,53.800,4.162,17.080,78.757,REL,16.991,49.341
2022-09-01,0.000,0.000,21.636,21.636,0.000,0.000,100.000,REL,17.779,47.965
2022-10-01,3.681,0.772,24.228,28.680,12.833,2.692,84.475,REL,18.497,50.229
2022-11-01,1.771,0.000,1.871,3.641,48.627,0.000,51.373,REL,19.375,47.002
2022-12-01,15.291,0.480,25.898,41.669,36.696,1.151,62.153,REL,20.480,47.111
2023-01-01,13.052,0.000,6.130,19.183,68.041,0.000,31.959,ENE,21.556,46.370
2023-02-01,0.000,6.322,4.340,10.662,0.000,59.297,40.703,CNF,22.495,51.963
2023-03-01,0.000,1.928,56.625,58.553,0.000,3.292,96.708,REL,23.515,53.879
2023-04-01,15.566,0.000,14.254,29.820,52.202,0.000,47.798,ENE,24.264,47.959
2023-05-01,32.599,0.000,3.633,36.232,89.972,0.000,10.028,ENE,25.150,46.307
2023-06-01,167.535,3.842,52.038,223.415,74.988,1.720,23.292,ENE,25.708,46.937
2023-07-01,153.372,3.430,27.042,183.844,83.425,1.866,14.709,ENE,26.212,47.197
2023-08-01,95.699,194.503,100.741,390.943,24.479,49.752,25.769,CNF,26.761,48.079
2023-09-01,67.386,1204.616,27.282,1299.283,5.186,92.714,2.100,CNF,27.299,47.824
2023-10-01,159.320,190.672,209.506,559.499,28.475,34.079,37.445,REL,27.895,48.236
2023-11-01,132.303,151.899,51.513,335.715,39.409,45.246,15.344,CNF,28.512,45.940
2023-12-01,87.351,104.408,88.628,280.387,31.154,37.237,31.609,CNF,29.228,49.580
2024-01-01,27.765,6.329,0.128,34.222,81.132,18.495,0.373,ENE,30.037,46.628
2024-02-01,14.924,124.654,50.459,190.038,7.853,65.594,26.552,CNF,30.787,54.799
2024-03-01,49.823,57.785,0.792,108.400,45.963,53.307,0.730,CNF,31.662,50.487
2024-04-01,76.071,73.584,9.273,158.927,47.865,46.300,5.835,ENE,32.555,47.024
2024-05-01,210.888,341.460,15.702,568.049,37.125,60.111,2.764,CNF,33.431,50.526
2024-06-01,409.223,575.787,78.501,1063.512,38.479,54.140,7.381,CNF,34.317,46.154
2024-07-01,255.229,1118.321,327.307,1700.857,15.006,65.750,19.244,CNF,35.287,44.669
2024-08-01,273.591,1728.387,298.333,2300.310,11.894,75.137,12.969,CNF,36.236,41.501
2024-09-01,706.736,1771.144,228.671,2706.551,26.112,65.439,8.449,CNF,37.055,46.292
2024-10-01,648.150,745.612,98.506,1492.268,43.434,49.965,6.601,CNF,37.976,44.651
2024-11-01,583.908,550.186,48.887,1182.981,49.359,46.508,4.133,ENE,38.838,45.207
2024-12-01,1140.402,137.879,9.823,1288.104,88.533,10.704,0.763,ENE,39.899,44.675
2025-01-01,342.213,62.269,531.807,936.289,36.550,6.651,56.799,REL,40.894,41.833
2025-02-01,438.244,329.708,2579.546,3347.497,13.092,9.849,77.059,REL,41.798,50.340
2025-03-01,522.155,927.147,145.272,1594.574,32.746,58.144,9.110,CNF,42.717,47.931
2025-04-01,720.360,393.633,23.042,1137.035,63.354,34.619,2.026,ENE,43.571,43.898
2025-05-01,1958.308,434.488,235.615,2628.411,74.505,16.530,8.964,ENE,44.369,42.085
2025-06-01,1595.411,664.963,296.379,2556.752,62.400,26.008,11.592,ENE,45.108,43.497
2025-07-01,2041.178,1210.641,157.075,3408.894,59.878,35.514,4.608,ENE,45.933,39.062
2025-08-01,2568.235,1745.103,218.177,4531.515,56.675,38.510,4.815,ENE,46.653,36.370
2025-09-01,2947.899,1982.963,153.772,5084.634,57.977,38.999,3.024,ENE,47.326,40.149
2025-10-01,3069.234,2958.423,156.948,6184.605,49.627,47.835,2.538,ENE,48.114,40.441
2025-11-01,2335.863,1092.655,103.226,3531.745,66.139,30.938,2.923,ENE,48.804,41.353
2025-12-01,1537.364,681.658,56.306,2275.327,67.567,29.959,2.475,ENE,49.533,41.365
2026-01-01,1050.512,1436.694,716.963,3204.168,32.786,44.838,22.376,CNF,50.262,41.035
2026-02-01,655.110,84.617,109.913,849.640,77.104,9.959,12.936,ENE,50.929,44.740
2026-03-01,1455.873,125.188,133.536,1714.597,84.911,7.301,7.788,ENE,51.695,41.420
2026-04-01,2011.076,260.111,193.497,2464.684,81.596,10.554,7.851,ENE,52.558,41.211
2026-05-01,2548.302,267.189,424.418,3239.909,78.654,8.247,13.100,ENE,53.247,40.481
2026-06-01,1865.995,459.424,448.026,2773.445,67.281,16.565,16.154,ENE,53.707,39.262
2026-07-01,3430.582,827.494,100.187,4358.263,78.714,18.987,2.299,ENE,53.942,37.716
2026-08-01,3751.415,1291.737,574.453,5617.605,66.780,22.994,10.226,ENE,53.966,36.604
2026-09-01,3068.204,933.238,276.043,4277.484,71.729,21.817,6.453,ENE,53.966,40.472
