cod_subsistema_api,ano,semi_horas,n_partes_mediana,erro_rel_mediano,erro_rel_p99
N,2016,17563,5.0,0.10651367639104319,0.18285287043741164
N,2017,17520,5.0,0.10373220299215048,0.18365896098838386
N,2018,17520,5.0,0.1401104276179611,0.22235693642849
N,2019,17520,5.0,0.11133662860020246,0.22238592761648013
N,2020,17568,5.0,0.07986512818322541,0.15652823472363936
N,2021,17520,7.0,0.023323768486059937,0.030649648415349718
N,2022,17520,7.0,0.0239478052663153,0.031993538722932674
N,2023,17520,7.0,0.024055761617288694,0.030775001948665164
N,2024,17568,7.0,0.024528351648723266,0.03259713411061766
N,2025,17520,7.0,0.020816544783344673,0.029236771373323846
N,2026,12871,7.0,0.00011817475140354768,0.00867484718052869
NE,2016,17563,5.0,0.29455463673807647,0.37034394401708
NE,2017,17520,6.0,0.12174644288901301,0.17060473751730726
NE,2018,17520,6.0,0.10722921237069322,0.15436362769392098
NE,2019,17520,6.0,0.09819901179695073,0.1553833058017065
NE,2020,17568,6.0,0.05438393263338197,0.0945376603652098
NE,2021,17520,7.0,0.001134669055477025,0.007129699087079824
NE,2022,17520,7.0,0.0013616131252337086,0.01050541222432804
NE,2023,17520,7.0,0.0005043159083679574,0.0018027205176376767
NE,2024,17568,7.0,0.0004601155321658165,0.0006605917154955271
NE,2025,17520,7.0,0.00047394106725069576,0.0007592042122508426
NE,2026,12871,7.0,0.0005424806415328249,0.0008017102206474099
S,2016,17563,3.0,0.22000209045430907,0.42717913316063094
S,2017,17520,3.0,0.03633956366447162,0.06683216992020966
S,2018,17520,3.0,0.03935009867469335,0.07070717872532963
S,2019,17520,3.0,0.033765660601554906,0.06537320813418654
S,2020,17568,3.0,0.04857269070242998,0.07327773146854906
S,2021,17520,4.0,0.001995979288646899,0.02227739433586673
S,2022,17520,4.0,0.0025218168083250003,0.016373016361828266
S,2023,17520,4.0,3.050636958382857e-05,0.0006513974024775041
S,2024,17568,4.0,2.181158333997858e-05,0.00013719898995466788
S,2025,17520,4.0,3.071318608595902e-05,0.0001528966400899761
S,2026,12871,4.0,2.9153867727028194e-05,0.00013846916931846824
SECO,2016,17563,10.0,522.8156776594966,744.429505897187
SECO,2017,17520,10.0,0.0876800989317473,0.11737392120106137
SECO,2018,17520,10.0,0.10617297146876373,0.14948813991344376
SECO,2019,17520,10.0,0.11095856974037274,0.16128392505694095
SECO,2020,17568,10.0,0.08492090583740347,0.13056129257441568
SECO,2021,17520,11.0,0.002368141373578668,0.021740617368459506
SECO,2022,17520,11.0,0.001490654310597971,0.007413576562915156
SECO,2023,17520,11.0,1.6888991106513643e-05,0.003928069036236663
SECO,2024,17568,11.0,6.426091796973032e-06,0.00036714252117888666
SECO,2025,17520,11.0,7.759186636435918e-06,0.0007089731958746595
SECO,2026,12871,11.0,5.729988143660151e-06,0.0005947393119631166
