serie,horizonte_mes,modelo,n_horas,emissoes,mae_mw,rmse_mw,mape_pct,vies_mw,mae_minima_diurna_mw,mae_ponta_noturna_mw,cobertura_p10_p90,pinball_medio,skill_vs_sazonal_ingenuo,skill_vs_persistencia_semanal
N,1,era5,10848,15,265.92869912042534,336.87352663445887,3.046170733187919,-7.34018250116018,321.2534359247972,229.8766852047558,0.8203355457227138,86.83373909041957,0.10929057071168502,0.1836422157808928
N,1,clim,10848,15,275.36637280564753,348.4030797225546,3.1574199959747515,-4.602139692733378,330.2968928133213,256.0189295304179,0.8195980825958702,89.01537125729449,0.07767974807472378,0.15467009504577045
N,1,sazonal_ingenuo,10848,15,298.5583068688347,387.24204230275905,3.4345526258225916,-13.559034981871502,361.6325044225874,283.3700514754126,,,0.0,0.08347463563803892
N,1,persistencia_semanal,10848,15,325.7501848589602,451.10483578568915,3.7416370851172234,-28.98808128226402,407.76149146649817,307.06478978613575,,,-0.09107727825530487,0.0
N,2,era5,10104,14,272.8737492837002,345.30247598774866,3.1038523578365487,-23.988580417507634,335.3035327753272,233.40334595795,0.8023555027711797,94.58157501980315,0.10247567591176776,0.442468894741206
N,2,clim,10104,14,282.85608935264725,358.0194916251619,3.220852134356066,-21.273208381869757,344.69703903391036,260.9539347267127,0.8087885985748219,95.91876135943794,0.06964220238520391,0.42207314356939607
N,2,sazonal_ingenuo,10104,14,304.0293638402551,394.0422056206203,3.474480860927862,-35.24977904599577,374.2780421436839,288.2018174728797,,,0.0,0.37881226135550927
N,2,persistencia_semanal,10104,14,489.4323324920823,633.5795387315493,5.536542899574476,-125.42694648653999,599.3330069901596,469.46284897070467,,,-0.6098192829467708,0.0
N,3,era5,9360,13,268.4950305295608,339.5443441190066,3.041879254933897,-41.47249087770657,338.55790261317287,229.8609694557037,0.7912393162393162,97.94252975398756,0.13061083651483185,0.5749465046830113
N,3,clim,9360,13,278.2379644211724,352.30700205146957,3.1555132380646707,-39.91742174317518,347.49864563108514,254.41752485419056,0.8013888888888889,98.68833206444691,0.09906313475955875,0.5595225018733356
N,3,sazonal_ingenuo,9360,13,308.831811812825,399.8595921189163,3.5198845671866645,-51.34151631616742,384.69745314240964,292.07558609196093,,,0.0,0.5110894945906004
N,3,persistencia_semanal,9360,13,631.6735034241452,776.1208706880772,7.121763529457772,-179.50979911858977,773.2153202014653,600.258871880342,,,-1.0453641084325414,0.0
N,4,era5,8640,12,261.8081919771951,332.71486863212954,2.9737350256144115,-37.749296311207594,335.3893894981364,219.73361965643502,0.7681712962962963,98.70766037061578,0.13872219910702466,0.6167620153549709
N,4,clim,8640,12,272.41225599553013,346.4677837292377,3.097136816424875,-37.272144357042784,344.92874935337414,245.67351578112607,0.7738425925925926,100.14022243925967,0.10383771031671418,0.6012396587291418
N,4,sazonal_ingenuo,8640,12,303.97647739875754,397.68434588246816,3.471934154247056,-67.81003466050606,387.99145463179195,284.1294424604856,,,0.0,0.5550355712782951
N,4,persistencia_semanal,8640,12,683.1478153703703,819.29533453634,7.7149148425780005,-156.96215474537036,857.4468816865078,622.8908986111111,,,-1.2473706558360247,0.0
N,5,era5,7896,11,246.9753866712053,317.0198128184653,2.827586442338672,-14.709825293135925,317.0355274563537,198.09990999691203,0.769630192502533,94.14555735273598,0.17435460814402304,0.6587123838184559
N,5,clim,7896,11,259.6277413889574,333.05958308386624,2.9732105001165205,-19.171236517247543,328.6105281566572,233.20742726414144,0.7649442755825735,96.7813408692823,0.1320574444078393,0.6412284877958391
N,5,sazonal_ingenuo,7896,11,299.1300976270536,394.8876404031158,3.437929765284884,-55.30790391259919,385.7789282628215,277.1852041400253,,,0.0,0.5866414085902423
N,5,persistencia_semanal,7896,11,723.6576276469098,849.6254907137105,8.178001207459278,-122.66300818135765,908.8309166739035,655.2256039513677,,,-1.4192070052046195,0.0
N,6,era5,7176,10,231.28756993305876,300.6204528019232,2.6776500057024357,21.88825599087704,293.8262767027701,179.73861929694633,0.8093645484949833,88.0347950899904,0.22148665998121053,0.6715205160287968
N,6,clim,7176,10,246.4709277097186,320.01622936066667,2.8514307485281347,14.537811400099121,307.9730422646781,223.24190488701603,0.7993311036789298,91.63681630095247,0.1703795184308502,0.6499567911434911
N,6,sazonal_ingenuo,7176,10,297.0887691243372,392.4367591605098,3.4367886640977736,-37.653041726606794,382.64504411422575,276.0051014955289,,,0.0,0.5780682653899349
N,6,persistencia_semanal,7176,10,704.1157247840022,860.1628359951605,7.951549581463281,-76.52309284420282,895.6851927615862,622.9337794871794,,,-1.37005164099393,0.0
NE,1,era5,10848,15,513.0967940810064,643.7774477683565,3.705906322717155,-100.56471741205361,612.3117064407066,491.31688093796396,0.7914823008849557,151.56806235566475,0.19358042632026418,0.07769109799526697
NE,1,clim,10848,15,533.3282022184394,666.6472657697195,3.843324484509146,-115.32458776657779,621.9860782761186,528.99046660462,0.786688790560472,156.5413556584135,0.161783300098981,0.041324455208760824
NE,1,sazonal_ingenuo,10848,15,636.2653026137723,829.2859265996519,4.5882812178856085,-105.6806813825997,816.9024118946276,547.7324502705544,,,0.0,-0.14370847646491014
NE,1,persistencia_semanal,10848,15,556.3177293049409,787.9816039328939,4.016386545823758,-99.18368150811212,743.651019437421,474.701735619469,,,0.12565131711631516,0.0
NE,2,era5,10104,14,536.2252617504782,667.8701229432003,3.842111971054933,-133.85775785964304,618.987633389932,528.930818241864,0.754750593824228,163.20143799952368,0.1860839382028422,0.2817681335511808
NE,2,clim,10104,14,557.3068863202244,692.7345511263533,3.9849309977827994,-150.38059674464412,629.1561611535914,566.2947173796915,0.7456452889944576,168.19564084108552,0.15408493690611025,0.2535309436189618
NE,2,sazonal_ingenuo,10104,14,658.8213292737735,854.6853565459015,4.719575382468507,-142.04348630192624,832.5102119665518,573.3286417846086,,,0.0,0.11756027413571879
NE,2,persistencia_semanal,10104,14,746.5907415132622,986.814584707672,5.34194236957041,-240.9776481838876,979.0281035799118,647.3223440221694,,,-0.1332218741858857,0.0
NE,3,era5,9360,13,545.0483957903068,677.2008730127321,3.869590318870163,-175.62053321406538,600.7254322509152,554.3067454178129,0.7388888888888889,172.69012277661497,0.2017035428861611,0.40479865206629595
NE,3,clim,9360,13,568.0296183959241,704.6603008988934,4.02481397499265,-193.4117941968144,612.1576511862133,594.7971210043543,0.7363247863247864,177.97840114351888,0.16804446099929904,0.3797027986014041
NE,3,sazonal_ingenuo,9360,13,682.7643927681639,879.5891130105728,4.861496016484397,-179.811905876627,841.624844042154,603.9902115992852,,,0.0,0.2544106357610617
NE,3,persistencia_semanal,9360,13,915.7378384348292,1155.3186600357553,6.514769364418882,-305.0024943643163,1175.119483974359,791.6778297008547,,,-0.3412208488525743,0.0
NE,4,era5,8640,12,551.9400886002182,684.6572637667381,3.90491593501172,-192.31352063090748,601.8606807643679,567.6918298548468,0.709375,180.39670376891698,0.19920943685797354,0.460205061221442
NE,4,clim,8640,12,575.1008435861229,712.7164342388501,4.060571340392013,-210.92362108812966,613.5981009546033,608.5834788036519,0.7047453703703703,185.1758277058975,0.16560630780279995,0.43755394640318657
NE,4,sazonal_ingenuo,8640,12,689.243997125285,889.251055564504,4.889028435582188,-215.35952028855397,851.3265635567548,608.6504389275319,,,0.0,0.32592245260659847
NE,4,persistencia_semanal,8640,12,1022.4995622395833,1241.378590418461,7.261451118400395,-315.0168825520833,1289.1730339285714,893.6660993055555,,,-0.48350883940121125,0.0
NE,5,era5,7896,11,545.5128653648578,675.9846546861215,3.8564548211973295,-222.64456857171655,565.0376157015027,582.2488383310666,0.6680597771023303,183.80421491005185,0.20757399385597863,0.49339892011311226
NE,5,clim,7896,11,569.1585587506298,704.9627679029993,4.0142085854595475,-244.72460846937182,576.92330201078,625.9519207473977,0.660081053698075,188.54686541681437,0.17322565202601803,0.47143988932857805
NE,5,sazonal_ingenuo,7896,11,688.4085846946728,889.1409184894186,4.882414074283518,-256.9907415236308,834.8686162420261,620.3063581526392,,,0.0,0.3606960448559353
NE,5,persistencia_semanal,7896,11,1076.8095194085613,1309.934989422257,7.647056229771687,-313.60460844098276,1341.6711761832391,942.042647922999,,,-0.5642011784123153,0.0
NE,6,era5,7176,10,546.1105260132143,679.4629066625998,3.8726174564286975,-236.21456560614843,553.0907050809083,588.2961417225428,0.5811036789297659,195.29596333580102,0.21936892536916075,0.49874053856862277
NE,6,clim,7176,10,571.9354648049409,710.2466884438368,4.044459041805853,-260.8487462278259,564.5084543470033,639.3542538792375,0.5693979933110368,201.37460409075138,0.18245377951318553,0.4750365550458333
NE,6,sazonal_ingenuo,7176,10,699.575694282309,898.5553749258609,4.9724929536484455,-268.0522800440387,844.7292074602087,633.1932595709657,,,0.0,0.3578791855443072
NE,6,persistencia_semanal,7176,10,1089.4767441471572,1343.2638691945342,7.754246246552294,-294.826540900223,1368.3520005972289,952.5482126532888,,,-0.557339331614209,0.0
S,1,era5,10848,15,695.2423367631519,915.9781403948468,4.926634777493282,-53.31897043637609,901.8125197434748,647.4888648624701,0.8148967551622419,222.7820704522303,0.2806436505061838,0.334639802720464
S,1,clim,10848,15,755.929646416856,989.9870306398443,5.354589193455183,-24.551476559153063,987.0733706248536,678.6771248042223,0.8234697640117994,240.52442628524406,0.21785144234415166,0.27656088809114854
S,1,sazonal_ingenuo,10848,15,966.4783486687336,1308.8470006797697,6.780201954928097,37.43057956388596,1311.0936726728548,836.8713812421795,,,0.0,0.0750617579900077
S,1,persistencia_semanal,10848,15,1044.9112219303097,1540.5992051241224,7.259303596593264,-33.923669118731496,1417.3150899968393,927.64025,,,-0.08115326470542539,0.0
S,2,era5,10104,14,719.2279625230093,937.0980742630658,5.091634066307519,-53.54124937435321,916.6660975953247,676.3830004912676,0.8040380047505938,233.00828259405887,0.27743582089078267,0.48268378699364833
S,2,clim,10104,14,781.6086046943764,1011.695444825638,5.5293964165300595,-20.317667962030153,1005.3990825836631,705.6612279679088,0.8242280285035629,249.92598598231265,0.21476581937312378,0.4378155126014892
S,2,sazonal_ingenuo,10104,14,995.3828093300709,1336.876040912789,6.966227858760887,35.3529634582523,1334.268582494607,861.9235836878415,,,0.0,0.28405499751717134
S,2,persistencia_semanal,10104,14,1390.3062468180917,2000.1031095290803,9.698757428502674,-50.72448347684083,1816.8400771123177,1198.2370112826604,,,-0.39675533250751904,0.0
S,3,era5,9360,13,721.6897474043346,944.6453742253038,5.060586989175829,-90.79851812245818,911.6452222494588,687.022588773815,0.7837606837606838,240.60335849256379,0.28410084656349777,0.6002886187855725
S,3,clim,9360,13,785.0703104241079,1020.973455341234,5.503120052424795,-55.28562177836377,1003.4575077964519,718.4715618840329,0.805982905982906,256.2921857964295,0.2212288277030674,0.5651849852950055
S,3,sazonal_ingenuo,9360,13,1008.0885609935925,1355.5142477433405,7.013977466917666,17.699231091025435,1344.3623539639232,878.7643307084668,,,0.0,0.44166524112270733
S,3,persistencia_semanal,9360,13,1805.5271411378203,2375.961323136611,12.556106448247077,-104.15063724893147,2279.006868864469,1493.0973918803418,,,-0.7910402032121624,0.0
S,4,era5,8640,12,743.4737091056617,968.7258099821107,5.17539369806645,-108.123921323652,922.6175656601556,727.3291455400324,0.737037037037037,256.8954534283545,0.25819811115884417,0.6482589619712054
S,4,clim,8640,12,803.8438608429092,1043.4645636570342,5.586804011760735,-73.58561289214894,1012.2397916136356,753.6122737088042,0.7717592592592593,271.53627463239667,0.19796371142171376,0.6196975487323177
S,4,sazonal_ingenuo,8640,12,1002.253728778067,1342.0756434139234,6.9080601004580755,-25.661439423666323,1315.855934271967,893.4760862637884,,,0.0,0.5258288724793015
S,4,persistencia_semanal,8640,12,2113.696238778935,2666.8613265712975,14.834569144287233,-156.34835330439793,2607.8229251984126,1653.495899074074,,,-1.1089432526790617,0.0
S,5,era5,7896,11,762.1758815803795,992.7335612439499,5.2996217945760105,-122.79275004464263,925.6841687557908,756.4569188371457,0.7117527862208713,265.6688362021469,0.2435209313022948,0.6910664291021938
S,5,clim,7896,11,826.5852699410045,1069.8282081057275,5.731164800247035,-88.49014880010853,1019.273648858992,792.7034497898367,0.7421479229989868,281.65467886123946,0.1795929649365735,0.6649593023530079
S,5,sazonal_ingenuo,7896,11,1007.5306946595118,1346.2349858394139,6.897641699752394,-81.91664391134297,1307.9773903270516,922.1906976307532,,,0.0,0.5916164984846946
S,5,persistencia_semanal,7896,11,2467.1189970238097,2956.2089854558653,17.315581518950783,-139.52364127406284,2961.5889527789836,1914.2213280141843,,,-1.4486787450754104,0.0
S,6,era5,7176,10,727.9698550756367,966.4044741276862,5.016491347520652,-138.5567457813796,885.9665043552677,739.362245594278,0.6874303232998885,259.8862214057249,0.25162093388854545,0.7302625309889155
S,6,clim,7176,10,784.4485940744343,1030.4964711949774,5.37706852812128,-109.05175786233069,963.0931675980935,785.3696668646077,0.7253344481605352,273.00240912298904,0.19355876874204903,0.7093352467006252
S,6,sazonal_ingenuo,7176,10,972.7287788234602,1315.7970238877945,6.602741091206794,-141.9035525536429,1265.3869620482924,915.4641747285104,,,0.0,0.6395710660205545
S,6,persistencia_semanal,7176,10,2698.8088000696766,3161.586310163002,18.89435949749248,-198.5274638099219,3214.24509209269,2080.483414994426,,,-1.774472040740846,0.0
SE,1,era5,10848,15,1587.4095635519377,2005.7610922808155,3.5279767499216907,-383.36609627585995,1864.3434481992529,1311.4690685339633,0.7748893805309734,511.1969239417339,0.38905081278875564,0.27240602782674184
SE,1,clim,10848,15,1861.5058602047975,2337.8376359241706,4.12293863169748,-365.2079769515835,2162.760233635567,1721.0073885973866,0.7619837758112095,591.5538000546768,0.28355887579741235,0.146773161666232
SE,1,sazonal_ingenuo,10848,15,2598.2677394136026,3415.8879938617374,5.7080981805705155,-334.2274606937202,3243.5076483683356,2191.719154642962,,,0.0,-0.1909238728910565
SE,1,persistencia_semanal,10848,15,2181.7244565818587,2955.4198197753203,4.844456769079109,147.70901594764015,2750.851929677623,1855.660389011799,,,0.16031576596711805,0.0
SE,2,era5,10104,14,1663.1290076728844,2089.807381355571,3.6696003367084598,-513.149433499121,1909.7832039425539,1415.5384448619488,0.7508907363420427,553.1643727210666,0.3962941304628962,0.42205606387156325
SE,2,clim,10104,14,1941.7825840247135,2429.4740796944457,4.27135806012614,-500.3199665641458,2209.846680650008,1823.691201141104,0.7490102929532858,629.3384013880519,0.2951445510646681,0.3252228392750035
SE,2,sazonal_ingenuo,10104,14,2754.8663870836663,3567.7831049063116,6.025645894879147,-419.0771372725229,3402.7010777865994,2339.469622268147,,,0.0,0.04267298813645837
SE,2,persistencia_semanal,10104,14,2877.6649493269992,3761.6903374051963,6.372895402222195,-227.53387450514649,3672.6291871394633,2398.1956860649248,,,-0.044575142670831625,0.0
SE,3,era5,9360,13,1673.8895955057883,2102.652408446859,3.6699426110170505,-637.402062526776,1893.1645262182326,1451.8007000909643,0.7073717948717949,590.9737149409074,0.40506273228721534,0.532187868309683
SE,3,clim,9360,13,1957.011824586678,2443.3874569817813,4.276324175869842,-625.3130614193186,2195.845343495706,1859.6765986114183,0.6985042735042735,656.636773998662,0.30443484986869707,0.45306197262883663
SE,3,sazonal_ingenuo,9360,13,2813.556464433633,3630.0757862970636,6.136562787772467,-495.25879054701335,3449.949853060988,2387.6703825028667,,,0.0,0.21367821940487242
SE,3,persistencia_semanal,9360,13,3578.123528899572,4420.526680248403,7.9531279959091625,-344.11572590811977,4465.750297069598,2877.621470940171,,,-0.2717439916813065,0.0
SE,4,era5,8640,12,1677.6895326209517,2112.8876700539245,3.671415662326106,-745.0578538784223,1869.070182760615,1500.4088003990541,0.641087962962963,649.044145290566,0.38009199656398396,0.5835213922580207
SE,4,clim,8640,12,1955.6073142476018,2446.678159282768,4.263838270640228,-747.8884832153407,2161.0628099784476,1904.5693702245615,0.6309027777777778,710.0648659892498,0.2774010911385949,0.5145295981816862
SE,4,sazonal_ingenuo,8640,12,2706.3524318477603,3519.0204840609836,5.8823790846669075,-765.2355030714127,3302.961695632285,2328.756583668091,,,0.0,0.32816062152201875
SE,4,persistencia_semanal,8640,12,4028.273004745371,4830.827011535792,8.907309745214148,-285.7219013888889,5112.804606944444,3132.6748828703703,,,-0.4884510078367992,0.0
SE,5,era5,7896,11,1714.4215776246147,2151.2785415946955,3.7391125590728858,-806.5935215180837,1886.3154026300574,1588.4718621160025,0.5705420466058764,711.0574372034266,0.3762485865200166,0.6101939655601301
SE,5,clim,7896,11,1971.2605552234952,2459.8546722632723,4.284481445618202,-831.9452863575636,2154.9337885917857,1958.602252146056,0.5700354609929078,781.9733266270231,0.2828038484200548,0.5517967867949596
SE,5,sazonal_ingenuo,7896,11,2748.5654390098334,3583.0792983996794,5.960279188554156,-840.0257054492422,3332.7031191214955,2393.3594851063076,,,0.0,0.3750618820002415
SE,5,persistencia_semanal,7896,11,4398.140167553191,5207.14995333968,9.76093006333664,-174.71336803444814,5396.867082501085,3451.095740628166,,,-0.6001584336073198,0.0
SE,6,era5,7176,10,1742.8001931098847,2177.70693538306,3.7871961165697887,-820.4998017399435,1922.407557125353,1629.009950006753,0.5172798216276477,759.306195304803,0.3804484784992884,0.6178649576075474
SE,6,clim,7176,10,1979.9236159870495,2470.4002744672857,4.286453364358579,-863.6794160959959,2154.5871520791234,1994.9644970878962,0.5312151616499443,828.6539359655139,0.2961529992998887,0.5658720959980263
SE,6,sazonal_ingenuo,7176,10,2813.0028458139827,3656.6833846308223,6.088926774342143,-764.3712681759564,3394.958444466027,2463.655839066473,,,0.0,0.38320699872252084
SE,6,persistencia_semanal,7176,10,4560.6919014771465,5418.321676794619,10.106600124407407,-474.9750763656631,5597.903471094123,3526.930906911929,,,-0.621289473014182,0.0
SIN,1,era5,10848,15,2453.20294013987,3088.11303929582,2.998804205887478,-572.3747487778217,2842.076180413913,2334.1120676801843,0.7732300884955752,772.6079824210004,0.3163186599824198,0.2322137130295212
SIN,1,clim,10848,15,2672.1368298554876,3349.7323765469155,3.263391998052529,-529.8805027302109,3146.9920307808025,2525.684865180252,0.768160029498525,831.3012279993463,0.2553041337698022,0.16369331647921614
SIN,1,sazonal_ingenuo,10848,15,3588.2256784670885,4761.427695106938,4.357701390298959,-436.0527079335407,4680.459578575791,2986.380484136798,,,0.0,-0.12301775992706765
SIN,1,persistencia_semanal,10848,15,3195.1637868132375,4529.1268135402215,3.8779687727394303,-14.38641596146774,4305.880237626422,2645.9770897861354,,,0.1095421322055109,0.0
SIN,2,era5,10104,14,2568.98572550153,3219.6230635494853,3.121321639887082,-752.1386632264768,2882.6587330863617,2513.58634807303,0.7609857482185273,845.7537645394182,0.3201612874369547,0.4317386766813336
SIN,2,clim,10104,14,2788.103068319828,3486.288345770896,3.3842652858785094,-714.6631081951814,3182.2233855363156,2719.5346085787387,0.760193982581156,898.890856828064,0.262175580952445,0.383269777085682
SIN,2,sazonal_ingenuo,10104,14,3778.8164722427355,4963.652519283573,4.566247363869651,-582.9772885962265,4840.661563280107,3205.815081517536,,,0.0,0.16412332393329498
SIN,2,persistencia_semanal,10104,14,4520.7822881532065,5984.338138435852,5.494537642309504,-644.6629526524151,5915.988705259586,3626.5449950910534,,,-0.19634873018061993,0.0
SIN,3,era5,9360,13,2558.732121426348,3210.694874005836,3.085743842982505,-973.6283952073743,2808.949820221184,2549.0077039742905,0.7172008547008547,904.631983998786,0.3348540624102607,0.5624233981025086
SIN,3,clim,9360,13,2785.94564737043,3479.252281671329,3.3559905583459657,-936.5441339385751,3104.9823275090307,2777.516901926955,0.7211538461538461,942.5441175663642,0.2757895935345972,0.5235669184596392
SIN,3,sazonal_ingenuo,9360,13,3846.87326017252,5057.47982011771,4.631299164119007,-730.4665703497128,4861.47277894927,3297.38093485208,,,0.0,0.34213444423472095
SIN,3,persistencia_semanal,9360,13,5847.506723007478,7105.051813494457,7.12312397403221,-932.7786566399573,7545.600268424908,4581.56198448718,,,-0.5200674229504603,0.0
SIN,4,era5,8640,12,2589.4937294127576,3239.447391758027,3.1138170549362205,-1114.8479331875724,2806.631990294971,2633.3898280999906,0.6354166666666666,988.8634409460886,0.3004443048301043,0.6106295581812122
SIN,4,clim,8640,12,2812.7533908710093,3496.115318569614,3.3770829251972634,-1094.062721137701,3083.6628921122606,2862.0749415721957,0.6405092592592593,1028.9712823826544,0.24013036550643507,0.577059014242484
SIN,4,sazonal_ingenuo,8640,12,3701.6262569113487,4913.51479316659,4.437587262482399,-1098.2318707174309,4663.968010317299,3207.214185558092,,,0.0,0.4434032279242265
SIN,4,persistencia_semanal,8640,12,6650.463032881944,7933.823009591723,8.101895127637137,-914.0492919907405,8409.538536607142,5149.812619768518,,,-0.796632769303705,0.0
SIN,5,era5,7896,11,2667.4545307298995,3315.019106882816,3.205388261224764,-1204.4496585227928,2830.662757658763,2783.421039674748,0.5716818642350557,1077.3724918425385,0.29152467613720945,0.6277010885041283
SIN,5,clim,7896,11,2875.771206344237,3545.912062820107,3.449933585329463,-1210.8451863857772,3091.8831471911926,2997.0298427352463,0.5742147922998987,1127.2354161582534,0.23619581391232913,0.5986261518241637
SIN,5,sazonal_ingenuo,7896,11,3765.063426890083,4984.902138894918,4.506461642593423,-1261.0539225271752,4704.824455464714,3321.901223634781,,,0.0,0.4745068756015356
SIN,5,persistencia_semanal,7896,11,7164.8195800848525,8488.322961194553,8.738655260218568,-750.5046259308509,8881.064853148067,5438.197887487335,,,-0.9029744702077822,0.0
SIN,6,era5,7176,10,2687.968695073648,3350.316665761125,3.226129992823189,-1217.0592364177573,2817.864750476028,2848.750187058931,0.4923355629877369,1141.6071591003877,0.30695200167881476,0.6459939127592687
SIN,6,clim,7176,10,2865.9344047122336,3551.0115509542657,3.4324263178023022,-1247.9952233328816,3031.6096369284323,3060.452471787821,0.5083612040133779,1189.7020740821656,0.2610665049240055,0.6225557884062433
SIN,6,sazonal_ingenuo,7176,10,3878.4740762326533,5091.0143035724095,4.641528167687844,-1238.1803934760592,4813.698243561643,3467.747566305267,,,0.0,0.4892040838466267
SIN,6,persistencia_semanal,7176,10,7593.001340809643,8985.048977474578,9.227695502924412,-1044.8521739200112,9365.82109462494,5679.725797101448,,,-0.9577290428056919,0.0
