horizonte,razao,fonte,modelo,n,prevalencia,roc_auc,pr_auc,brier,precisao,recall,mae_montante_mw
30min,ENE,todas,lightgbm,2968990,26.2766,0.9936,0.9844,0.0253,96.2555,91.7293,3.6597
30min,ENE,todas,persistencia,2968990,26.2766,0.9565,0.8927,0.0337,93.5864,93.5864,3.7369
30min,ENE,todas,frequencia_1d,2968990,26.2766,0.6792,0.3714,0.1790,39.5974,3.9941,
30min,ENE,eolica,lightgbm,1968900,26.7705,0.9935,0.9846,0.0253,96.3145,91.9142,3.1885
30min,ENE,eolica,persistencia,1968900,26.7705,0.9578,0.8968,0.0331,93.8245,93.8245,3.2643
30min,ENE,eolica,frequencia_1d,1968900,26.7705,0.6889,0.3834,0.1795,39.6075,5.9046,
30min,ENE,solar,lightgbm,1000090,25.3041,0.9940,0.9846,0.0251,96.1320,91.3441,4.5875
30min,ENE,solar,persistencia,1000090,25.3041,0.9537,0.8841,0.0350,93.0903,93.0903,4.6674
30min,ENE,solar,frequencia_1d,1000090,25.3041,0.6541,0.3352,0.1780,32.7586,0.0150,
30min,CNF,todas,lightgbm,2968990,7.9062,0.9939,0.9691,0.0079,95.7538,92.7637,1.1877
30min,CNF,todas,persistencia,2968990,7.9062,0.9637,0.8761,0.0106,93.3270,93.3103,1.0498
30min,CNF,todas,frequencia_1d,2968990,7.9062,0.9473,0.5996,0.0446,61.0603,49.1049,
30min,CNF,eolica,lightgbm,1968900,10.4884,0.9938,0.9745,0.0093,96.0894,93.9290,1.4587
30min,CNF,eolica,persistencia,1968900,10.4884,0.9672,0.8924,0.0123,94.1506,94.1314,1.2933
30min,CNF,eolica,frequencia_1d,1968900,10.4884,0.9431,0.6318,0.0555,61.0732,55.7669,
30min,CNF,solar,lightgbm,1000090,2.8225,0.9915,0.9214,0.0053,93.1013,84.2391,0.6540
30min,CNF,solar,persistencia,1000090,2.8225,0.9347,0.7658,0.0072,87.3034,87.3034,0.5704
30min,CNF,solar,frequencia_1d,1000090,2.8225,0.9281,0.2559,0.0232,49.5238,0.3684,
3h,ENE,todas,lightgbm,2967780,26.2873,0.9647,0.9073,0.0752,88.0916,70.7289,8.6549
3h,ENE,todas,persistencia,2967780,26.2873,0.7470,0.4911,0.1961,62.6946,62.6946,14.2609
3h,ENE,todas,frequencia_1d,2967780,26.2873,0.6507,0.3520,0.1857,37.1575,3.7480,
3h,ENE,eolica,lightgbm,1968120,26.7811,0.9625,0.9055,0.0766,87.0842,71.5712,7.8911
3h,ENE,eolica,persistencia,1968120,26.7811,0.7535,0.5051,0.1933,63.9054,63.9054,12.4692
3h,ENE,eolica,frequencia_1d,1968120,26.7811,0.6590,0.3619,0.1868,37.1882,5.5439,
3h,ENE,solar,lightgbm,999660,25.3150,0.9694,0.9125,0.0724,90.3505,68.9746,10.1588
3h,ENE,solar,persistencia,999660,25.3150,0.7334,0.4629,0.2016,60.1725,60.1725,17.7884
3h,ENE,solar,frequencia_1d,999660,25.3150,0.6285,0.3227,0.1837,16.3793,0.0075,
3h,CNF,todas,lightgbm,2967780,7.9094,0.9656,0.7685,0.0335,73.6549,66.8757,3.8609
3h,CNF,todas,persistencia,2967780,7.9094,0.8232,0.4809,0.0514,67.4998,67.4291,3.4927
3h,CNF,todas,frequencia_1d,2967780,7.9094,0.9115,0.5400,0.0485,58.1033,46.6860,
3h,CNF,eolica,lightgbm,1968120,10.4926,0.9634,0.8022,0.0402,75.4970,71.6725,4.7082
3h,CNF,eolica,persistencia,1968120,10.4926,0.8360,0.5302,0.0615,70.7059,70.6217,4.3906
3h,CNF,eolica,frequencia_1d,1968120,10.4926,0.9123,0.5749,0.0605,58.1235,53.0270,
3h,CNF,solar,lightgbm,999660,2.8238,0.9578,0.4120,0.0204,52.5170,31.7840,2.1927
3h,CNF,solar,persistencia,999660,2.8238,0.7122,0.2100,0.0316,44.0733,44.0733,1.7251
3h,CNF,solar,frequencia_1d,999660,2.8238,0.8508,0.1929,0.0249,40.0000,0.2976,
D+1,ENE,todas,lightgbm,2957616,26.2249,0.9500,0.8716,0.0946,85.7445,62.7269,10.1753
D+1,ENE,todas,persistencia,2957616,26.2249,0.8427,0.6504,0.1218,76.7679,76.8052,12.2150
D+1,ENE,todas,frequencia_1d,2957616,26.2249,0.5965,0.3122,0.1966,31.4866,3.1933,
D+1,ENE,eolica,lightgbm,1961568,26.7182,0.9447,0.8651,0.0973,84.6263,63.3264,9.4764
D+1,ENE,eolica,persistencia,1961568,26.7182,0.8381,0.6449,0.1269,76.2386,76.2786,10.9109
D+1,ENE,eolica,frequencia_1d,1961568,26.7182,0.6027,0.3199,0.1987,31.4847,4.7186,
D+1,ENE,solar,lightgbm,996048,25.2534,0.9604,0.8877,0.0893,88.2471,61.4779,11.5518
D+1,ENE,solar,persistencia,996048,25.2534,0.8521,0.6624,0.1117,77.8710,77.9026,14.7831
D+1,ENE,solar,frequencia_1d,996048,25.2534,0.5779,0.2894,0.1924,32.7586,0.0151,
D+1,CNF,todas,lightgbm,2957616,7.9354,0.9217,0.6150,0.0458,67.2875,46.7060,4.9472
D+1,CNF,todas,persistencia,2957616,7.9354,0.7957,0.4206,0.0593,62.6723,62.3359,3.9595
D+1,CNF,todas,frequencia_1d,2957616,7.9354,0.8643,0.4375,0.0558,52.8521,42.1831,
D+1,CNF,eolica,lightgbm,1961568,10.5276,0.9119,0.6514,0.0571,68.7667,51.1762,6.1113
D+1,CNF,eolica,persistencia,1961568,10.5276,0.8023,0.4567,0.0740,64.9551,64.5594,5.0933
D+1,CNF,eolica,frequencia_1d,1961568,10.5276,0.8640,0.4683,0.0706,52.8654,47.9003,
D+1,CNF,solar,lightgbm,996048,2.8304,0.9246,0.2776,0.0235,42.6528,13.9614,2.6548
D+1,CNF,solar,persistencia,996048,2.8304,0.7224,0.2273,0.0305,46.0518,46.0485,1.7267
D+1,CNF,solar,frequencia_1d,996048,2.8304,0.7996,0.1510,0.0266,40.9524,0.3051,
