serie,horizonte,modelo,n,mae,rmse,mape,vies,pinball,cobertura,patamar,erro_pico,erro_vale,erro_rampa
N,30min,climatologia,21695.000,1753.395,1890.057,21.202,-1752.625,544.764,29.173,todos,2411.232,649.294,1719.213
N,30min,lightgbm,21695.000,47.164,68.278,0.621,3.674,15.876,78.267,todos,22.978,34.562,46.667
N,30min,persistencia,21695.000,127.673,161.575,1.668,-9.606,42.945,57.783,todos,27.747,10.664,90.447
N,30min,sazonal_dia,21695.000,304.737,447.018,4.110,-13.196,107.865,73.455,todos,196.037,459.414,408.877
N,30min,sazonal_semana,21695.000,259.085,351.660,3.346,-8.300,85.319,71.763,todos,259.986,277.335,307.509
N,3h,climatologia,21690.000,1753.416,1890.106,21.202,-1752.645,544.786,29.179,todos,2411.232,649.294,1719.213
N,3h,lightgbm,21690.000,155.525,208.213,2.022,29.000,50.409,79.682,todos,142.757,199.866,255.865
N,3h,persistencia,21690.000,699.567,825.230,9.119,-8.363,236.232,42.029,todos,153.000,9.575,439.260
N,3h,sazonal_dia,21690.000,304.787,447.067,4.110,-13.178,107.881,73.449,todos,196.037,459.414,408.877
N,3h,sazonal_semana,21690.000,259.090,351.682,3.346,-8.356,85.324,71.757,todos,259.986,277.335,307.509
N,D+1,climatologia,21648.000,1754.075,1890.810,21.208,-1753.302,545.098,29.157,todos,2411.232,649.294,1719.213
N,D+1,lightgbm,21648.000,172.925,228.571,2.231,14.820,55.698,84.433,todos,165.248,186.787,288.809
N,D+1,persistencia,21648.000,305.244,447.486,4.117,-13.165,108.019,73.397,todos,196.037,459.414,408.877
N,D+1,sazonal_dia,21648.000,305.244,447.486,4.117,-13.165,108.019,73.397,todos,196.037,459.414,408.877
N,D+1,sazonal_semana,21648.000,259.269,351.937,3.349,-8.696,85.394,71.702,todos,259.986,277.335,307.509
NE,30min,climatologia,21695.000,2010.849,2192.070,17.238,-922.032,696.050,18.608,todos,2645.239,2362.919,4962.904
NE,30min,lightgbm,21695.000,99.673,139.539,0.908,9.565,34.439,65.444,todos,90.218,69.623,81.305
NE,30min,persistencia,21695.000,318.117,431.766,2.859,-39.992,116.978,53.390,todos,43.731,39.854,137.934
NE,30min,sazonal_dia,21695.000,646.796,980.810,6.492,-19.570,234.174,74.879,todos,403.563,1038.394,835.638
NE,30min,sazonal_semana,21695.000,482.210,676.197,4.413,-5.530,161.509,70.698,todos,418.195,572.505,629.789
NE,3h,climatologia,21690.000,2010.891,2192.147,17.239,-921.823,696.089,18.612,todos,2645.239,2362.919,4962.904
NE,3h,lightgbm,21690.000,331.149,463.913,3.302,111.289,104.539,78.797,todos,213.759,557.450,543.254
NE,3h,persistencia,21690.000,1779.607,2291.293,15.932,-64.202,659.328,43.398,todos,206.992,63.247,227.746
NE,3h,sazonal_dia,21690.000,646.843,980.900,6.493,-19.473,234.198,74.873,todos,403.563,1038.394,835.638
NE,3h,sazonal_semana,21690.000,482.303,676.273,4.414,-5.513,161.535,70.692,todos,418.195,572.505,629.789
NE,D+1,climatologia,21648.000,2012.226,2193.350,17.251,-922.085,696.708,18.588,todos,2645.239,2362.919,4962.904
NE,D+1,lightgbm,21648.000,369.776,511.921,3.698,144.633,118.221,77.767,todos,252.592,684.631,775.908
NE,D+1,persistencia,21648.000,647.757,981.802,6.502,-19.239,234.490,74.824,todos,403.563,1038.394,835.638
NE,D+1,sazonal_dia,21648.000,647.757,981.802,6.502,-19.239,234.490,74.824,todos,403.563,1038.394,835.638
NE,D+1,sazonal_semana,21648.000,481.985,676.013,4.410,-4.388,161.395,70.736,todos,418.195,572.505,629.789
S,30min,climatologia,21695.000,1625.263,1926.036,13.809,-643.500,544.006,44.033,todos,2313.407,2096.115,4116.053
S,30min,lightgbm,21695.000,149.739,197.051,1.196,64.132,47.949,73.146,todos,233.433,110.140,284.859
S,30min,persistencia,21695.000,414.816,508.202,3.384,-17.090,131.307,61.000,todos,18.603,17.360,121.397
S,30min,sazonal_dia,21695.000,1331.989,1959.797,11.981,-8.256,471.595,75.626,todos,979.265,1919.945,1420.998
S,30min,sazonal_semana,21695.000,1107.200,1603.434,9.875,40.870,391.181,70.777,todos,693.281,1992.986,1941.441
S,3h,climatologia,21690.000,1625.245,1926.084,13.809,-643.257,544.018,44.043,todos,2313.407,2096.115,4116.053
S,3h,lightgbm,21690.000,515.604,751.554,4.661,140.032,171.711,78.718,todos,403.681,861.096,1028.171
S,3h,persistencia,21690.000,2100.745,2530.271,16.997,-65.092,664.551,57.169,todos,133.817,104.660,588.097
S,3h,sazonal_dia,21690.000,1331.921,1959.865,11.980,-7.883,471.611,75.625,todos,979.265,1919.945,1420.998
S,3h,sazonal_semana,21690.000,1107.270,1603.572,9.875,41.065,391.220,70.770,todos,693.281,1992.986,1941.441
S,D+1,climatologia,21648.000,1624.305,1924.744,13.809,-640.422,543.561,44.073,todos,2313.407,2096.115,4116.053
S,D+1,lightgbm,21648.000,633.753,934.450,5.713,69.980,206.191,78.876,todos,395.046,1174.074,1292.003
S,D+1,persistencia,21648.000,1332.781,1961.274,11.991,-7.767,471.986,75.577,todos,979.265,1919.945,1420.998
S,D+1,sazonal_dia,21648.000,1332.781,1961.274,11.991,-7.767,471.986,75.577,todos,979.265,1919.945,1420.998
S,D+1,sazonal_semana,21648.000,1106.110,1602.877,9.871,44.453,390.868,70.819,todos,693.281,1992.986,1941.441
SE,30min,climatologia,21695.000,4049.790,4647.975,10.217,-1254.606,1300.151,44.881,todos,5233.767,5418.892,10644.434
SE,30min,lightgbm,21695.000,251.820,348.547,0.632,50.171,82.892,77.110,todos,290.025,159.830,260.064
SE,30min,persistencia,21695.000,931.103,1144.041,2.274,-16.040,296.870,60.419,todos,15.632,15.632,330.694
SE,30min,sazonal_dia,21695.000,2586.363,3812.865,6.846,-13.155,917.263,78.069,todos,1966.896,3814.877,2500.185
SE,30min,sazonal_semana,21695.000,2261.354,3088.879,5.794,56.281,758.653,75.211,todos,1573.820,3007.128,2810.421
SE,3h,climatologia,21690.000,4050.161,4648.363,10.217,-1254.333,1300.304,44.869,todos,5233.767,5418.892,10644.434
SE,3h,lightgbm,21690.000,1043.983,1455.357,2.740,580.221,342.582,77.976,todos,753.377,1534.435,1649.566
SE,3h,persistencia,21690.000,5071.089,6004.085,12.427,540.601,1586.321,60.521,todos,707.708,551.475,882.741
SE,3h,sazonal_dia,21690.000,2586.616,3813.237,6.847,-12.815,917.355,78.064,todos,1966.896,3814.877,2500.185
SE,3h,sazonal_semana,21690.000,2261.439,3089.101,5.794,55.858,758.707,75.205,todos,1573.820,3007.128,2810.421
SE,D+1,climatologia,21648.000,4052.587,4650.973,10.223,-1255.435,1301.353,44.803,todos,5233.767,5418.892,10644.434
SE,D+1,lightgbm,21648.000,1195.618,1669.049,3.149,638.810,387.284,76.340,todos,811.403,1785.966,1908.304
SE,D+1,persistencia,21648.000,2590.034,3816.694,6.856,-12.538,918.340,78.021,todos,1966.896,3814.877,2500.185
SE,D+1,sazonal_dia,21648.000,2590.034,3816.694,6.856,-12.538,918.340,78.021,todos,1966.896,3814.877,2500.185
SE,D+1,sazonal_semana,21648.000,2262.979,3091.237,5.798,53.187,759.299,75.157,todos,1573.820,3007.128,2810.421
SIN,30min,climatologia,21695.000,8572.723,9501.294,11.735,-4500.071,2773.673,31.298,todos,12414.594,9078.631,21512.927
SIN,30min,lightgbm,21695.000,555.386,699.538,0.761,232.038,167.345,74.796,todos,486.152,282.525,592.352
SIN,30min,persistencia,21695.000,1631.200,2033.288,2.249,-108.353,531.550,56.769,todos,107.580,107.714,459.339
SIN,30min,sazonal_dia,21695.000,4440.650,6775.167,6.684,-47.631,1614.444,78.258,todos,3226.054,6528.591,4038.338
SIN,30min,sazonal_semana,21695.000,3169.024,4528.452,4.611,55.253,1085.859,74.045,todos,2061.456,4642.050,3909.296
SIN,3h,climatologia,21690.000,8572.956,9501.695,11.735,-4499.365,2773.889,31.305,todos,12414.594,9078.631,21512.927
SIN,3h,lightgbm,21690.000,1557.393,2237.780,2.314,638.332,511.551,73.845,todos,1142.296,2383.299,2432.836
SIN,3h,persistencia,21690.000,8983.332,10788.013,12.276,274.227,2906.258,55.901,todos,580.603,288.566,1470.538
SIN,3h,sazonal_dia,21690.000,4440.835,6775.720,6.685,-46.803,1614.569,78.253,todos,3226.054,6528.591,4038.338
SIN,3h,sazonal_semana,21690.000,3169.474,4528.936,4.612,54.985,1085.998,74.039,todos,2061.456,4642.050,3909.296
SIN,D+1,climatologia,21648.000,8576.524,9505.122,11.740,-4498.551,2775.485,31.268,todos,12414.594,9078.631,21512.927
SIN,D+1,lightgbm,21648.000,1683.223,2415.984,2.505,707.157,550.675,74.506,todos,1182.279,2704.766,2844.408
SIN,D+1,persistencia,21648.000,4446.775,6781.897,6.694,-46.162,1616.347,78.210,todos,3226.054,6528.591,4038.338
SIN,D+1,sazonal_dia,21648.000,4446.775,6781.897,6.694,-46.162,1616.347,78.210,todos,3226.054,6528.591,4038.338
SIN,D+1,sazonal_semana,21648.000,3173.210,4532.884,4.617,56.487,1087.156,73.988,todos,2061.456,4642.050,3909.296
N,30min,climatologia,6328.000,913.030,1000.838,12.990,-910.406,235.797,85.777,minima_diurna,,,
N,30min,climatologia,9943.000,2051.612,2106.005,24.387,-2051.604,649.258,7.191,outro,,,
N,30min,climatologia,2712.000,2326.868,2363.224,25.716,-2326.868,781.415,0.590,ponta_noturna,,,
N,30min,climatologia,2712.000,2047.423,2096.227,24.177,-2047.409,645.931,6.268,rampa_vespertina,,,
N,30min,lightgbm,6328.000,59.730,78.997,0.883,9.273,19.547,71.523,minima_diurna,,,
N,30min,lightgbm,9943.000,37.558,56.851,0.473,12.305,12.992,81.847,outro,,,
N,30min,lightgbm,2712.000,36.110,55.293,0.405,0.915,12.376,86.062,ponta_noturna,,,
N,30min,lightgbm,2712.000,64.116,88.458,0.767,-38.275,21.386,73.083,rampa_vespertina,,,
N,30min,persistencia,6328.000,162.075,196.609,2.334,-78.874,55.474,41.625,minima_diurna,,,
N,30min,persistencia,9943.000,105.863,136.828,1.335,93.113,36.777,64.296,outro,,,
N,30min,persistencia,2712.000,88.688,104.623,0.983,-82.363,24.864,85.951,ponta_noturna,,,
N,30min,persistencia,2712.000,166.352,197.640,2.020,-151.822,54.406,43.437,rampa_vespertina,,,
N,30min,sazonal_dia,6328.000,485.142,655.766,7.335,-12.657,180.952,52.181,minima_diurna,,,
N,30min,sazonal_dia,9943.000,199.666,269.271,2.461,-13.655,66.500,86.553,outro,,,
N,30min,sazonal_dia,2712.000,224.527,295.333,2.504,-12.998,73.213,81.563,ponta_noturna,,,
N,30min,sazonal_dia,2712.000,349.223,492.010,4.235,-12.970,123.638,66.962,rampa_vespertina,,,
N,30min,sazonal_semana,6328.000,291.123,408.819,4.356,-0.222,98.558,68.047,minima_diurna,,,
N,30min,sazonal_semana,9943.000,230.082,302.894,2.787,-11.104,74.113,76.345,outro,,,
N,30min,sazonal_semana,2712.000,272.975,346.335,3.054,-14.613,88.074,67.515,ponta_noturna,,,
N,30min,sazonal_semana,2712.000,276.769,378.135,3.334,-10.555,92.757,67.883,rampa_vespertina,,,
N,3h,climatologia,6328.000,913.030,1000.838,12.990,-910.406,235.797,85.777,minima_diurna,,,
N,3h,climatologia,9938.000,2051.807,2106.203,24.389,-2051.799,649.359,7.195,outro,,,
N,3h,climatologia,2712.000,2326.868,2363.224,25.716,-2326.868,781.415,0.590,ponta_noturna,,,
N,3h,climatologia,2712.000,2047.423,2096.227,24.177,-2047.409,645.931,6.268,rampa_vespertina,,,
N,3h,lightgbm,6328.000,183.580,237.335,2.778,84.674,58.363,74.921,minima_diurna,,,
N,3h,lightgbm,9938.000,128.324,176.316,1.555,31.268,42.520,82.592,outro,,,
N,3h,lightgbm,2712.000,166.662,215.389,1.854,-35.338,53.231,79.757,ponta_noturna,,,
N,3h,lightgbm,2712.000,178.601,234.485,2.138,-44.880,57.936,80.052,rampa_vespertina,,,
N,3h,persistencia,6328.000,780.837,916.210,11.435,3.852,274.437,34.719,minima_diurna,,,
N,3h,persistencia,9938.000,556.712,655.205,7.065,451.533,178.861,51.117,outro,,,
N,3h,persistencia,2712.000,607.964,679.992,6.802,-605.625,179.866,55.088,ponta_noturna,,,
N,3h,persistencia,2712.000,1125.021,1205.122,13.557,-1124.872,413.683,12.721,rampa_vespertina,,,
N,3h,sazonal_dia,6328.000,485.142,655.766,7.335,-12.657,180.952,52.181,minima_diurna,,,
N,3h,sazonal_dia,9938.000,199.721,269.330,2.461,-13.617,66.513,86.547,outro,,,
N,3h,sazonal_dia,2712.000,224.527,295.333,2.504,-12.998,73.213,81.563,ponta_noturna,,,
N,3h,sazonal_dia,2712.000,349.223,492.010,4.235,-12.970,123.638,66.962,rampa_vespertina,,,
N,3h,sazonal_semana,6328.000,291.123,408.819,4.356,-0.222,98.558,68.047,minima_diurna,,,
N,3h,sazonal_semana,9938.000,230.079,302.923,2.787,-11.229,74.119,76.333,outro,,,
N,3h,sazonal_semana,2712.000,272.975,346.335,3.054,-14.613,88.074,67.515,ponta_noturna,,,
N,3h,sazonal_semana,2712.000,276.769,378.135,3.334,-10.555,92.757,67.883,rampa_vespertina,,,
N,D+1,climatologia,6314.000,913.151,1001.086,12.991,-910.521,235.844,85.746,minima_diurna,,,
N,D+1,climatologia,9922.000,2052.580,2106.938,24.395,-2052.572,649.738,7.176,outro,,,
N,D+1,climatologia,2706.000,2327.869,2364.193,25.723,-2327.869,781.916,0.591,ponta_noturna,,,
N,D+1,climatologia,2706.000,2047.919,2096.775,24.181,-2047.905,646.189,6.282,rampa_vespertina,,,
N,D+1,lightgbm,6314.000,188.242,249.189,2.835,71.420,60.892,83.703,minima_diurna,,,
N,D+1,lightgbm,9922.000,155.389,203.952,1.880,-3.797,49.944,85.376,outro,,,
N,D+1,lightgbm,2706.000,187.812,242.258,2.090,-41.045,59.538,81.559,ponta_noturna,,,
N,D+1,lightgbm,2706.000,186.601,248.712,2.249,6.886,60.839,85.551,rampa_vespertina,,,
N,D+1,persistencia,6314.000,486.076,656.483,7.349,-12.798,181.274,52.075,minima_diurna,,,
N,D+1,persistencia,9922.000,199.960,269.535,2.464,-13.596,66.566,86.525,outro,,,
N,D+1,persistencia,2706.000,224.866,295.635,2.508,-12.877,73.293,81.523,ponta_noturna,,,
N,D+1,persistencia,2706.000,349.722,492.517,4.241,-12.723,123.810,66.888,rampa_vespertina,,,
N,D+1,sazonal_dia,6314.000,486.076,656.483,7.349,-12.798,181.274,52.075,minima_diurna,,,
N,D+1,sazonal_dia,9922.000,199.960,269.535,2.464,-13.596,66.566,86.525,outro,,,
N,D+1,sazonal_dia,2706.000,224.866,295.635,2.508,-12.877,73.293,81.523,ponta_noturna,,,
N,D+1,sazonal_dia,2706.000,349.722,492.517,4.241,-12.723,123.810,66.888,rampa_vespertina,,,
N,D+1,sazonal_semana,6314.000,291.308,409.153,4.359,-0.683,98.651,67.976,minima_diurna,,,
N,D+1,sazonal_semana,9922.000,230.225,303.109,2.788,-11.471,74.166,76.295,outro,,,
N,D+1,sazonal_semana,2706.000,273.315,346.671,3.057,-14.911,88.176,67.443,ponta_noturna,,,
N,D+1,sazonal_semana,2706.000,276.960,378.433,3.336,-11.002,92.843,67.812,rampa_vespertina,,,
NE,30min,climatologia,6328.000,1751.377,1962.656,21.940,1658.429,656.055,23.183,minima_diurna,,,
NE,30min,climatologia,9943.000,1959.968,2133.943,14.813,-1757.755,647.088,20.809,outro,,,
NE,30min,climatologia,2712.000,2622.765,2694.780,17.294,-2622.703,926.029,0.959,ponta_noturna,,,
NE,30min,climatologia,2712.000,2190.908,2344.026,15.106,-2178.429,738.903,17.515,rampa_vespertina,,,
NE,30min,lightgbm,6328.000,115.316,149.558,1.286,-29.873,40.945,56.732,minima_diurna,,,
NE,30min,lightgbm,9943.000,85.047,128.090,0.748,37.658,29.350,71.819,outro,,,
NE,30min,lightgbm,2712.000,70.264,93.664,0.469,49.731,21.804,73.931,ponta_noturna,,,
NE,30min,lightgbm,2712.000,146.205,186.134,1.056,-41.575,50.554,53.909,rampa_vespertina,,,
NE,30min,persistencia,6328.000,402.813,509.235,4.266,-233.735,144.387,41.324,minima_diurna,,,
NE,30min,persistencia,9943.000,242.780,326.402,2.120,234.790,94.297,55.939,outro,,,
NE,30min,persistencia,2712.000,125.144,158.137,0.825,-51.483,40.302,95.760,ponta_noturna,,,
NE,30min,persistencia,2712.000,589.673,686.013,4.321,-583.870,212.858,29.830,rampa_vespertina,,,
NE,30min,sazonal_dia,6328.000,1091.662,1479.941,13.197,-17.315,411.784,53.240,minima_diurna,,,
NE,30min,sazonal_dia,9943.000,439.214,634.591,3.798,-20.492,151.952,86.151,outro,,,
NE,30min,sazonal_dia,2712.000,370.318,484.622,2.467,-20.551,125.795,87.684,ponta_noturna,,,
NE,30min,sazonal_dia,2712.000,646.307,934.736,4.752,-20.469,229.577,71.239,rampa_vespertina,,,
NE,30min,sazonal_semana,6328.000,600.265,867.758,7.064,16.575,209.852,62.674,minima_diurna,,,
NE,30min,sazonal_semana,9943.000,429.123,562.306,3.465,-11.258,138.466,74.183,outro,,,
NE,30min,sazonal_semana,2712.000,427.219,552.641,2.837,-22.193,138.591,73.931,ponta_noturna,,,
NE,30min,sazonal_semana,2712.000,456.370,660.379,3.275,-19.445,156.112,73.414,rampa_vespertina,,,
NE,3h,climatologia,6328.000,1751.377,1962.656,21.940,1658.429,656.055,23.183,minima_diurna,,,
NE,3h,climatologia,9938.000,1960.035,2134.086,14.813,-1757.720,647.148,20.819,outro,,,
NE,3h,climatologia,2712.000,2622.765,2694.780,17.294,-2622.703,926.029,0.959,ponta_noturna,,,
NE,3h,climatologia,2712.000,2190.908,2344.026,15.106,-2178.429,738.903,17.515,rampa_vespertina,,,
NE,3h,lightgbm,6328.000,525.153,664.204,6.504,183.633,160.837,66.340,minima_diurna,,,
NE,3h,lightgbm,9938.000,244.534,340.330,2.070,153.956,79.131,83.055,outro,,,
NE,3h,lightgbm,2712.000,230.054,305.501,1.530,28.519,76.120,85.472,ponta_noturna,,,
NE,3h,lightgbm,2712.000,296.962,417.239,2.119,-131.096,94.701,85.583,rampa_vespertina,,,
NE,3h,persistencia,6328.000,1911.637,2263.595,21.482,105.130,697.336,32.364,minima_diurna,,,
NE,3h,persistencia,9938.000,1243.398,1598.094,11.060,1193.177,438.809,54.005,outro,,,
NE,3h,persistencia,2712.000,1015.270,1414.693,6.762,-930.334,336.017,73.562,ponta_noturna,,,
NE,3h,persistencia,2712.000,4200.789,4321.213,30.003,-4200.789,1702.040,0.111,rampa_vespertina,,,
NE,3h,sazonal_dia,6328.000,1091.662,1479.941,13.197,-17.315,411.784,53.240,minima_diurna,,,
NE,3h,sazonal_dia,9938.000,439.214,634.673,3.798,-20.280,151.964,86.144,outro,,,
NE,3h,sazonal_dia,2712.000,370.318,484.622,2.467,-20.551,125.795,87.684,ponta_noturna,,,
NE,3h,sazonal_dia,2712.000,646.307,934.736,4.752,-20.469,229.577,71.239,rampa_vespertina,,,
NE,3h,sazonal_semana,6328.000,600.265,867.758,7.064,16.575,209.852,62.674,minima_diurna,,,
NE,3h,sazonal_semana,9938.000,429.299,562.444,3.467,-11.223,138.509,74.170,outro,,,
NE,3h,sazonal_semana,2712.000,427.219,552.641,2.837,-22.193,138.591,73.931,ponta_noturna,,,
NE,3h,sazonal_semana,2712.000,456.370,660.379,3.275,-19.445,156.112,73.414,rampa_vespertina,,,
NE,D+1,climatologia,6314.000,1753.421,1964.366,21.969,1660.447,656.986,23.123,minima_diurna,,,
NE,D+1,climatologia,9922.000,1960.959,2134.959,14.818,-1758.358,647.570,20.802,outro,,,
NE,D+1,climatologia,2706.000,2624.345,2696.263,17.302,-2624.282,926.821,0.961,ponta_noturna,,,
NE,D+1,climatologia,2706.000,2191.968,2345.181,15.111,-2179.461,739.455,17.517,rampa_vespertina,,,
NE,D+1,lightgbm,6314.000,605.352,762.636,7.538,476.997,195.202,60.326,minima_diurna,,,
NE,D+1,lightgbm,9922.000,270.303,356.774,2.224,15.457,84.981,84.328,outro,,,
NE,D+1,lightgbm,2706.000,260.692,339.687,1.723,-79.590,82.716,85.551,ponta_noturna,,,
NE,D+1,lightgbm,2706.000,293.913,396.601,2.116,66.985,95.982,86.622,rampa_vespertina,,,
NE,D+1,persistencia,6314.000,1093.524,1481.521,13.220,-16.844,412.484,53.136,minima_diurna,,,
NE,D+1,persistencia,9922.000,439.591,635.109,3.802,-20.016,152.066,86.122,outro,,,
NE,D+1,persistencia,2706.000,371.036,485.149,2.472,-20.695,125.937,87.657,ponta_noturna,,,
NE,D+1,persistencia,2706.000,647.633,935.768,4.762,-20.521,229.948,71.175,rampa_vespertina,,,
NE,D+1,sazonal_dia,6314.000,1093.524,1481.521,13.220,-16.844,412.484,53.136,minima_diurna,,,
NE,D+1,sazonal_dia,9922.000,439.591,635.109,3.802,-20.016,152.066,86.122,outro,,,
NE,D+1,sazonal_dia,2706.000,371.036,485.149,2.472,-20.695,125.937,87.657,ponta_noturna,,,
NE,D+1,sazonal_dia,2706.000,647.633,935.768,4.762,-20.521,229.948,71.175,rampa_vespertina,,,
NE,D+1,sazonal_semana,6314.000,598.978,866.918,7.053,19.229,209.340,62.813,minima_diurna,,,
NE,D+1,sazonal_semana,9922.000,429.352,562.487,3.466,-10.832,138.509,74.179,outro,,,
NE,D+1,sazonal_semana,2706.000,427.896,553.213,2.842,-22.077,138.766,73.873,ponta_noturna,,,
NE,D+1,sazonal_semana,2706.000,456.074,660.445,3.272,-18.180,156.071,73.466,rampa_vespertina,,,
S,30min,climatologia,6328.000,1760.750,2178.272,19.615,1263.639,628.623,43.979,minima_diurna,,,
S,30min,climatologia,9943.000,1373.716,1593.867,11.072,-1239.755,427.279,53.435,outro,,,
S,30min,climatologia,2712.000,2221.397,2389.039,13.460,-2213.748,772.556,14.270,ponta_noturna,,,
S,30min,climatologia,2712.000,1635.235,1892.823,10.645,-1337.198,545.972,39.454,rampa_vespertina,,,
S,30min,lightgbm,6328.000,130.428,166.916,1.301,34.410,41.662,81.052,minima_diurna,,,
S,30min,lightgbm,9943.000,125.699,167.623,1.015,82.188,38.804,79.553,outro,,,
S,30min,lightgbm,2712.000,264.490,309.921,1.652,243.883,90.652,29.978,ponta_noturna,,,
S,30min,lightgbm,2712.000,168.184,215.741,1.159,-112.469,53.445,74.373,rampa_vespertina,,,
S,30min,persistencia,6328.000,417.125,500.353,4.005,-48.350,130.079,61.141,minima_diurna,,,
S,30min,persistencia,9943.000,345.409,424.670,2.816,140.147,109.737,66.358,outro,,,
S,30min,persistencia,2712.000,342.869,392.878,2.157,185.297,99.379,73.230,ponta_noturna,,,
S,30min,persistencia,2712.000,735.836,816.302,5.244,-723.018,245.184,28.798,rampa_vespertina,,,
S,30min,sazonal_dia,6328.000,2092.973,2758.343,21.426,-0.372,739.195,57.348,minima_diurna,,,
S,30min,sazonal_dia,9943.000,927.163,1394.374,8.096,-12.930,332.929,86.413,outro,,,
S,30min,sazonal_dia,2712.000,954.866,1362.142,6.015,-9.997,333.894,80.900,ponta_noturna,,,
S,30min,sazonal_dia,2712.000,1417.694,1997.053,10.148,-7.775,493.285,73.451,rampa_vespertina,,,
S,30min,sazonal_semana,6328.000,1927.845,2435.033,19.668,61.441,706.638,42.573,minima_diurna,,,
S,30min,sazonal_semana,9943.000,711.110,1020.179,5.849,28.556,244.401,84.693,outro,,,
S,30min,sazonal_semana,2712.000,728.528,998.380,4.442,32.401,244.061,84.255,ponta_noturna,,,
S,30min,sazonal_semana,2712.000,1023.218,1385.393,7.217,46.491,340.374,72.087,rampa_vespertina,,,
S,3h,climatologia,6328.000,1760.750,2178.272,19.615,1263.639,628.623,43.979,minima_diurna,,,
S,3h,climatologia,9938.000,1373.552,1593.809,11.070,-1239.523,427.246,53.461,outro,,,
S,3h,climatologia,2712.000,2221.397,2389.039,13.460,-2213.748,772.556,14.270,ponta_noturna,,,
S,3h,climatologia,2712.000,1635.235,1892.823,10.645,-1337.198,545.972,39.454,rampa_vespertina,,,
S,3h,lightgbm,6328.000,885.191,1139.834,9.220,371.065,295.996,64.143,minima_diurna,,,
S,3h,lightgbm,9938.000,335.650,479.647,2.807,119.435,110.795,85.319,outro,,,
S,3h,lightgbm,2712.000,362.858,512.918,2.235,-43.153,124.702,86.578,ponta_noturna,,,
S,3h,lightgbm,2712.000,465.415,616.252,3.247,-140.385,151.946,80.678,rampa_vespertina,,,
S,3h,persistencia,6328.000,1600.000,1934.452,16.041,467.275,491.328,72.772,minima_diurna,,,
S,3h,persistencia,9938.000,1940.503,2255.450,16.037,993.501,595.351,56.661,outro,,,
S,3h,persistencia,2712.000,1979.653,2419.166,12.371,-1275.902,615.076,66.482,ponta_noturna,,,
S,3h,persistencia,2712.000,3977.442,4240.141,27.365,-3975.638,1371.794,13.311,rampa_vespertina,,,
S,3h,sazonal_dia,6328.000,2092.973,2758.343,21.426,-0.372,739.195,57.348,minima_diurna,,,
S,3h,sazonal_dia,9938.000,926.810,1394.239,8.093,-12.117,332.894,86.416,outro,,,
S,3h,sazonal_dia,2712.000,954.866,1362.142,6.015,-9.997,333.894,80.900,ponta_noturna,,,
S,3h,sazonal_dia,2712.000,1417.694,1997.053,10.148,-7.775,493.285,73.451,rampa_vespertina,,,
S,3h,sazonal_semana,6328.000,1927.845,2435.033,19.668,61.441,706.638,42.573,minima_diurna,,,
S,3h,sazonal_semana,9938.000,711.064,1020.275,5.848,28.974,244.412,84.685,outro,,,
S,3h,sazonal_semana,2712.000,728.528,998.380,4.442,32.401,244.061,84.255,ponta_noturna,,,
S,3h,sazonal_semana,2712.000,1023.218,1385.393,7.217,46.491,340.374,72.087,rampa_vespertina,,,
S,D+1,climatologia,6314.000,1763.254,2180.348,19.648,1267.805,629.566,43.887,minima_diurna,,,
S,D+1,climatologia,9922.000,1372.299,1592.581,11.062,-1238.054,426.777,53.548,outro,,,
S,D+1,climatologia,2706.000,2216.747,2382.999,13.439,-2209.081,770.273,14.302,ponta_noturna,,,
S,D+1,climatologia,2706.000,1631.671,1888.421,10.628,-1332.974,544.380,39.542,rampa_vespertina,,,
S,D+1,lightgbm,6314.000,1100.879,1437.778,11.345,289.373,361.205,64.872,minima_diurna,,,
S,D+1,lightgbm,9922.000,417.622,587.426,3.476,-27.807,134.687,85.144,outro,,,
S,D+1,lightgbm,2706.000,429.964,592.027,2.647,-124.011,139.857,84.738,ponta_noturna,,,
S,D+1,lightgbm,2706.000,540.063,739.150,3.841,110.604,173.003,82.705,rampa_vespertina,,,
S,D+1,persistencia,6314.000,2094.891,2760.696,21.453,-3.096,740.092,57.254,minima_diurna,,,
S,D+1,persistencia,9922.000,927.006,1394.926,8.096,-10.838,333.004,86.394,outro,,,
S,D+1,persistencia,2706.000,955.368,1363.215,6.020,-8.405,334.076,80.857,ponta_noturna,,,
S,D+1,persistencia,2706.000,1419.777,1999.088,10.165,-6.765,493.913,73.392,rampa_vespertina,,,
S,D+1,sazonal_dia,6314.000,2094.891,2760.696,21.453,-3.096,740.092,57.254,minima_diurna,,,
S,D+1,sazonal_dia,9922.000,927.006,1394.926,8.096,-10.838,333.004,86.394,outro,,,
S,D+1,sazonal_dia,2706.000,955.368,1363.215,6.020,-8.405,334.076,80.857,ponta_noturna,,,
S,D+1,sazonal_dia,2706.000,1419.777,1999.088,10.165,-6.765,493.913,73.392,rampa_vespertina,,,
S,D+1,sazonal_semana,6314.000,1925.769,2433.966,19.663,67.927,705.770,42.667,minima_diurna,,,
S,D+1,sazonal_semana,9922.000,710.761,1020.373,5.847,30.471,244.401,84.681,outro,,,
S,D+1,sazonal_semana,2706.000,727.318,997.679,4.437,35.299,243.914,84.331,ponta_noturna,,,
S,D+1,sazonal_semana,2706.000,1021.977,1384.796,7.213,50.104,340.097,72.173,rampa_vespertina,,,
SE,30min,climatologia,6328.000,4516.081,5244.031,13.734,4268.369,1584.956,35.540,minima_diurna,,,
SE,30min,climatologia,9943.000,3562.029,4085.862,8.774,-3170.049,1074.094,55.577,outro,,,
SE,30min,climatologia,2712.000,5059.161,5384.286,9.869,-5053.901,1608.022,22.972,ponta_noturna,,,
SE,30min,climatologia,2712.000,3740.685,4296.321,7.645,-3319.672,1156.528,49.373,rampa_vespertina,,,
SE,30min,lightgbm,6328.000,257.128,321.248,0.741,43.028,83.535,70.654,minima_diurna,,,
SE,30min,lightgbm,9943.000,224.057,329.480,0.570,115.890,75.635,81.434,outro,,,
SE,30min,lightgbm,2712.000,228.398,347.312,0.455,115.360,74.213,85.029,ponta_noturna,,,
SE,30min,lightgbm,2712.000,364.648,460.875,0.779,-239.296,116.674,68.400,rampa_vespertina,,,
SE,30min,persistencia,6328.000,846.953,1034.638,2.348,-367.519,265.613,63.243,minima_diurna,,,
SE,30min,persistencia,9943.000,832.886,987.012,2.068,560.399,254.119,62.707,outro,,,
SE,30min,persistencia,2712.000,639.131,770.975,1.282,443.360,193.159,85.988,ponta_noturna,,,
SE,30min,persistencia,2712.000,1779.515,1950.973,3.850,-1768.719,630.253,19.875,rampa_vespertina,,,
SE,30min,sazonal_dia,6328.000,3972.272,5380.936,11.706,-6.468,1413.257,61.062,minima_diurna,,,
SE,30min,sazonal_dia,9943.000,1855.173,2718.907,4.830,-15.973,663.900,87.931,outro,,,
SE,30min,sazonal_dia,2712.000,1949.421,2724.340,3.896,-17.617,681.349,83.444,ponta_noturna,,,
SE,30min,sazonal_dia,2712.000,2670.275,3769.981,5.850,-13.967,924.760,76.217,rampa_vespertina,,,
SE,30min,sazonal_semana,6328.000,3085.841,4081.282,8.819,76.077,1067.320,62.705,minima_diurna,,,
SE,30min,sazonal_semana,9943.000,1936.704,2592.691,4.883,49.081,638.531,79.724,outro,,,
SE,30min,sazonal_semana,2712.000,1717.321,2263.914,3.402,33.054,558.166,84.808,ponta_noturna,,,
SE,30min,sazonal_semana,2712.000,2071.849,2772.998,4.468,59.711,679.317,78.245,rampa_vespertina,,,
SE,3h,climatologia,6328.000,4516.081,5244.031,13.734,4268.369,1584.956,35.540,minima_diurna,,,
SE,3h,climatologia,9938.000,3562.593,4086.522,8.775,-3170.416,1074.313,55.554,outro,,,
SE,3h,climatologia,2712.000,5059.161,5384.286,9.869,-5053.901,1608.022,22.972,ponta_noturna,,,
SE,3h,climatologia,2712.000,3740.685,4296.321,7.645,-3319.672,1156.528,49.373,rampa_vespertina,,,
SE,3h,lightgbm,6328.000,1563.027,2005.389,4.615,864.240,518.378,62.263,minima_diurna,,,
SE,3h,lightgbm,9938.000,811.034,1119.449,2.058,574.905,259.322,83.689,outro,,,
SE,3h,lightgbm,2712.000,829.772,1184.445,1.659,359.329,281.187,84.919,ponta_noturna,,,
SE,3h,lightgbm,2712.000,900.722,1249.412,1.947,157.884,298.889,86.763,rampa_vespertina,,,
SE,3h,persistencia,6328.000,3925.849,4607.433,11.333,863.015,1167.423,75.111,minima_diurna,,,
SE,3h,persistencia,9938.000,4798.817,5547.160,12.060,3915.600,1345.141,65.637,outro,,,
SE,3h,persistencia,2712.000,4313.472,5183.297,8.561,-2539.965,1413.475,65.118,ponta_noturna,,,
SE,3h,persistencia,2712.000,9498.661,9957.613,20.192,-9498.661,3620.393,3.134,rampa_vespertina,,,
SE,3h,sazonal_dia,6328.000,3972.272,5380.936,11.706,-6.468,1413.257,61.062,minima_diurna,,,
SE,3h,sazonal_dia,9938.000,1855.358,2719.385,4.830,-15.233,663.973,87.925,outro,,,
SE,3h,sazonal_dia,2712.000,1949.421,2724.340,3.896,-17.617,681.349,83.444,ponta_noturna,,,
SE,3h,sazonal_dia,2712.000,2670.275,3769.981,5.850,-13.967,924.760,76.217,rampa_vespertina,,,
SE,3h,sazonal_semana,6328.000,3085.841,4081.282,8.819,76.077,1067.320,62.705,minima_diurna,,,
SE,3h,sazonal_semana,9938.000,1936.727,2592.996,4.883,48.154,638.588,79.714,outro,,,
SE,3h,sazonal_semana,2712.000,1717.321,2263.914,3.402,33.054,558.166,84.808,ponta_noturna,,,
SE,3h,sazonal_semana,2712.000,2071.849,2772.998,4.468,59.711,679.317,78.245,rampa_vespertina,,,
SE,D+1,climatologia,6314.000,4519.122,5247.320,13.745,4270.861,1586.393,35.524,minima_diurna,,,
SE,D+1,climatologia,9922.000,3564.247,4088.435,8.778,-3171.437,1074.987,55.493,outro,,,
SE,D+1,climatologia,2706.000,5063.082,5388.009,9.876,-5057.809,1609.856,22.801,ponta_noturna,,,
SE,D+1,climatologia,2706.000,3744.089,4299.476,7.652,-3322.409,1157.762,49.261,rampa_vespertina,,,
SE,D+1,lightgbm,6314.000,1747.268,2287.932,5.164,1049.164,574.590,66.060,minima_diurna,,,
SE,D+1,lightgbm,9922.000,961.701,1308.961,2.460,478.683,304.540,80.296,outro,,,
SE,D+1,lightgbm,2706.000,886.804,1253.677,1.780,297.876,295.613,80.340,ponta_noturna,,,
SE,D+1,lightgbm,2706.000,1074.941,1489.145,2.342,609.387,345.303,81.818,rampa_vespertina,,,
SE,D+1,persistencia,6314.000,3979.006,5386.662,11.726,-6.762,1415.442,60.976,minima_diurna,,,
SE,D+1,persistencia,9922.000,1856.645,2721.198,4.834,-13.951,664.321,87.906,outro,,,
SE,D+1,persistencia,2706.000,1953.137,2727.327,3.903,-18.262,682.156,83.407,ponta_noturna,,,
SE,D+1,persistencia,2706.000,2675.088,3774.026,5.861,-15.106,926.023,76.164,rampa_vespertina,,,
SE,D+1,sazonal_dia,6314.000,3979.006,5386.662,11.726,-6.762,1415.442,60.976,minima_diurna,,,
SE,D+1,sazonal_dia,9922.000,1856.645,2721.198,4.834,-13.951,664.321,87.906,outro,,,
SE,D+1,sazonal_dia,2706.000,1953.137,2727.327,3.903,-18.262,682.156,83.407,ponta_noturna,,,
SE,D+1,sazonal_dia,2706.000,2675.088,3774.026,5.861,-15.106,926.023,76.164,rampa_vespertina,,,
SE,D+1,sazonal_semana,6314.000,3088.351,4084.709,8.827,71.914,1068.502,62.623,minima_diurna,,,
SE,D+1,sazonal_semana,9922.000,1937.310,2594.105,4.884,45.842,638.858,79.682,outro,,,
SE,D+1,sazonal_semana,2706.000,1719.878,2266.218,3.407,31.877,558.733,84.775,ponta_noturna,,,
SE,D+1,sazonal_semana,2706.000,2074.333,2775.702,4.473,57.734,680.009,78.197,rampa_vespertina,,,
SIN,30min,climatologia,6328.000,6886.218,8097.622,12.041,6353.130,2378.908,41.893,minima_diurna,,,
SIN,30min,climatologia,9943.000,8544.663,9255.967,11.497,-8146.637,2614.581,32.123,outro,,,
SIN,30min,climatologia,2712.000,12145.159,12471.717,13.276,-12144.694,4143.998,3.650,ponta_noturna,,,
SIN,30min,climatologia,2712.000,9038.342,9975.828,10.348,-8810.183,2907.750,31.195,rampa_vespertina,,,
SIN,30min,lightgbm,6328.000,436.333,548.319,0.715,15.434,142.552,67.588,minima_diurna,,,
SIN,30min,lightgbm,9943.000,640.147,775.708,0.865,500.520,179.925,80.881,outro,,,
SIN,30min,lightgbm,2712.000,505.610,692.541,0.558,392.552,153.309,81.379,ponta_noturna,,,
SIN,30min,lightgbm,2712.000,572.199,726.228,0.688,-407.401,193.110,62.721,rampa_vespertina,,,
SIN,30min,persistencia,6328.000,1761.175,2130.329,2.772,-754.102,565.727,50.537,minima_diurna,,,
SIN,30min,persistencia,9943.000,1315.802,1554.617,1.803,1002.825,416.114,61.853,outro,,,
SIN,30min,persistencia,2712.000,854.410,1065.579,0.953,469.187,275.384,91.077,ponta_noturna,,,
SIN,30min,persistencia,2712.000,3261.055,3533.680,3.961,-3253.052,1131.191,18.363,rampa_vespertina,,,
SIN,30min,sazonal_dia,6328.000,7052.163,9715.453,12.011,-30.266,2568.614,60.161,minima_diurna,,,
SIN,30min,sazonal_dia,9943.000,3046.303,4653.531,4.391,-56.504,1121.796,88.535,outro,,,
SIN,30min,sazonal_dia,2712.000,3166.253,4482.721,3.523,-54.617,1126.691,85.472,ponta_noturna,,,
SIN,30min,sazonal_dia,2712.000,4733.609,6890.070,5.822,-48.635,1681.997,75.590,rampa_vespertina,,,
SIN,30min,sazonal_semana,6328.000,4697.991,6323.496,7.779,125.803,1657.704,56.779,minima_diurna,,,
SIN,30min,sazonal_semana,9943.000,2494.126,3432.257,3.443,27.206,831.386,81.474,outro,,,
SIN,30min,sazonal_semana,2712.000,2254.779,3080.851,2.486,0.581,756.034,84.550,ponta_noturna,,,
SIN,30min,sazonal_semana,2712.000,2990.056,4250.103,3.626,48.133,1014.355,76.586,rampa_vespertina,,,
SIN,3h,climatologia,6328.000,6886.218,8097.622,12.041,6353.130,2378.908,41.893,minima_diurna,,,
SIN,3h,climatologia,9938.000,8545.158,9256.740,11.497,-8146.932,2614.972,32.139,outro,,,
SIN,3h,climatologia,2712.000,12145.159,12471.717,13.276,-12144.694,4143.998,3.650,ponta_noturna,,,
SIN,3h,climatologia,2712.000,9038.342,9975.828,10.348,-8810.183,2907.750,31.195,rampa_vespertina,,,
SIN,3h,lightgbm,6328.000,2469.207,3170.762,4.192,1177.935,815.495,61.599,minima_diurna,,,
SIN,3h,lightgbm,9938.000,1115.431,1580.422,1.554,572.467,363.209,78.768,outro,,,
SIN,3h,lightgbm,2712.000,1187.591,1770.933,1.317,289.121,396.580,78.909,ponta_noturna,,,
SIN,3h,lightgbm,2712.000,1419.175,2074.239,1.714,-30.169,460.907,79.314,rampa_vespertina,,,
SIN,3h,persistencia,6328.000,7887.090,9174.269,12.886,1310.556,2403.649,62.026,minima_diurna,,,
SIN,3h,persistencia,9938.000,7344.646,8513.298,10.143,6425.095,2151.926,64.882,outro,,,
SIN,3h,persistencia,2712.000,7600.776,9346.737,8.399,-5480.541,2470.753,63.938,ponta_noturna,,,
SIN,3h,persistencia,2712.000,18928.676,19530.867,22.542,-18928.676,7278.733,0.664,rampa_vespertina,,,
SIN,3h,sazonal_dia,6328.000,7052.163,9715.453,12.011,-30.266,2568.614,60.161,minima_diurna,,,
SIN,3h,sazonal_dia,9938.000,3046.005,4653.978,4.391,-54.701,1121.820,88.529,outro,,,
SIN,3h,sazonal_dia,2712.000,3166.253,4482.721,3.523,-54.617,1126.691,85.472,ponta_noturna,,,
SIN,3h,sazonal_dia,2712.000,4733.609,6890.070,5.822,-48.635,1681.997,75.590,rampa_vespertina,,,
SIN,3h,sazonal_semana,6328.000,4697.991,6323.496,7.779,125.803,1657.704,56.779,minima_diurna,,,
SIN,3h,sazonal_semana,9938.000,2494.768,3433.010,3.444,26.607,831.561,81.465,outro,,,
SIN,3h,sazonal_semana,2712.000,2254.779,3080.851,2.486,0.581,756.034,84.550,ponta_noturna,,,
SIN,3h,sazonal_semana,2712.000,2990.056,4250.103,3.626,48.133,1014.355,76.586,rampa_vespertina,,,
SIN,D+1,climatologia,6314.000,6894.937,8105.020,12.058,6361.693,2382.156,41.764,minima_diurna,,,
SIN,D+1,climatologia,9922.000,8546.764,9259.064,11.499,-8147.895,2616.060,32.141,outro,,,
SIN,D+1,climatologia,2706.000,12146.982,12474.112,13.277,-12146.516,4144.940,3.659,ponta_noturna,,,
SIN,D+1,climatologia,2706.000,9038.888,9977.531,10.348,-8810.223,2908.353,31.190,rampa_vespertina,,,
SIN,D+1,lightgbm,6314.000,2636.634,3462.426,4.487,1499.971,866.848,66.487,minima_diurna,,,
SIN,D+1,lightgbm,9922.000,1224.728,1712.471,1.705,311.743,397.622,77.142,outro,,,
SIN,D+1,lightgbm,2706.000,1221.511,1731.855,1.359,170.483,402.988,76.792,ponta_noturna,,,
SIN,D+1,lightgbm,2706.000,1601.460,2229.545,1.956,843.779,521.821,81.264,rampa_vespertina,,,
SIN,D+1,persistencia,6314.000,7064.446,9725.907,12.033,-32.955,2572.712,60.073,minima_diurna,,,
SIN,D+1,persistencia,9922.000,3047.914,4656.940,4.394,-51.856,1122.373,88.510,outro,,,
SIN,D+1,persistencia,2706.000,3172.228,4487.631,3.530,-53.693,1127.976,85.440,ponta_noturna,,,
SIN,D+1,persistencia,2706.000,4742.581,6897.621,5.833,-48.570,1684.434,75.536,rampa_vespertina,,,
SIN,D+1,sazonal_dia,6314.000,7064.446,9725.907,12.033,-32.955,2572.712,60.073,minima_diurna,,,
SIN,D+1,sazonal_dia,9922.000,3047.914,4656.940,4.394,-51.856,1122.373,88.510,outro,,,
SIN,D+1,sazonal_dia,2706.000,3172.228,4487.631,3.530,-53.693,1127.976,85.440,ponta_noturna,,,
SIN,D+1,sazonal_dia,2706.000,4742.581,6897.621,5.833,-48.570,1684.434,75.536,rampa_vespertina,,,
SIN,D+1,sazonal_semana,6314.000,4704.171,6329.808,7.790,130.319,1660.049,56.684,minima_diurna,,,
SIN,D+1,sazonal_semana,9922.000,2497.283,3435.491,3.447,25.940,832.196,81.435,outro,,,
SIN,D+1,sazonal_semana,2706.000,2258.241,3084.086,2.490,2.120,756.830,84.516,ponta_noturna,,,
SIN,D+1,sazonal_semana,2706.000,2994.337,4254.422,3.631,50.588,1015.588,76.534,rampa_vespertina,,,
